{"max_rougeL": 0.25675675675675674, "mean_rougeL": 0.12361024450311567, "rougeL_ci_lo": 0.1136065132608015, "rougeL_ci_hi": 0.13374078647251308, "max_rougeL_recall": 0.22105263157894736, "mean_rougeL_recall": 0.10678239620888703, "rougeL_recall_ci_lo": 0.09808357235609125, "rougeL_recall_ci_hi": 0.11580205392359086, "max_rouge1": 0.38095238095238093, "mean_rouge1": 0.16041639620053905, "rouge1_ci_lo": 0.1463065926645399, "rouge1_ci_hi": 0.17461529857185906, "max_rouge1_recall": 0.3368421052631579, "mean_rouge1_recall": 0.13810873325677536, "rouge1_recall_ci_lo": 0.1260519758698047, "rouge1_recall_ci_hi": 0.15032682404635658}