{"max_rougeL": 1.0, "mean_rougeL": 0.11244489618892295, "rougeL_ci_lo": 0.0754167104238236, "rougeL_ci_hi": 0.15465902144925983, "max_rougeL_recall": 1.0, "mean_rougeL_recall": 0.17411764705882354, "rougeL_recall_ci_lo": 0.12383088235294118, "rougeL_recall_ci_hi": 0.22934754901960777, "max_rouge1": 1.0, "mean_rouge1": 0.11311156285558961, "rouge1_ci_lo": 0.07558652195938001, "rouge1_ci_hi": 0.154355163666257, "max_rouge1_recall": 1.0, "mean_rouge1_recall": 0.17470588235294118, "rouge1_recall_ci_lo": 0.12426225490196079, "rouge1_recall_ci_hi": 0.22964068627450973}