{"forget_forget_PPL": 0.5, "forget_forget_PPL/lower": 0.5, "forget_forget_PPL/zlib": 0.5, "forget_forget_Min-5%": 0.5, "forget_forget_Min-10%": 0.5, "forget_forget_Min-20%": 0.5, "forget_forget_Min-30%": 0.5, "forget_forget_Min-40%": 0.5, "forget_forget_Min-50%": 0.5, "forget_forget_Min-60%": 0.5, "forget_retain_PPL": 0.9512, "forget_retain_PPL/lower": 0.9816999999999999, "forget_retain_PPL/zlib": 0.95, "forget_retain_Min-5%": 0.9503, "forget_retain_Min-10%": 0.95, "forget_retain_Min-20%": 0.95, "forget_retain_Min-30%": 0.95, "forget_retain_Min-40%": 0.95, "forget_retain_Min-50%": 0.95, "forget_retain_Min-60%": 0.95, "forget_holdout_PPL": 0.5542, "forget_holdout_PPL/lower": 0.4511, "forget_holdout_PPL/zlib": 0.40290000000000004, "forget_holdout_Min-5%": 0.48719999999999997, "forget_holdout_Min-10%": 0.417, "forget_holdout_Min-20%": 0.34509999999999996, "forget_holdout_Min-30%": 0.3666, "forget_holdout_Min-40%": 0.4028, "forget_holdout_Min-50%": 0.4386, "forget_holdout_Min-60%": 0.482, "retain_forget_PPL": 0.048800000000000045, "retain_forget_PPL/lower": 0.018300000000000018, "retain_forget_PPL/zlib": 0.050000000000000044, "retain_forget_Min-5%": 0.04970000000000004, "retain_forget_Min-10%": 0.050000000000000044, "retain_forget_Min-20%": 0.050000000000000044, "retain_forget_Min-30%": 0.050000000000000044, "retain_forget_Min-40%": 0.050000000000000044, "retain_forget_Min-50%": 0.050000000000000044, "retain_forget_Min-60%": 0.050000000000000044, "retain_retain_PPL": 0.5, "retain_retain_PPL/lower": 0.5, "retain_retain_PPL/zlib": 0.5, "retain_retain_Min-5%": 0.5, "retain_retain_Min-10%": 0.5, "retain_retain_Min-20%": 0.5, "retain_retain_Min-30%": 0.5, "retain_retain_Min-40%": 0.5, "retain_retain_Min-50%": 0.5, "retain_retain_Min-60%": 0.5, "retain_holdout_PPL": 0.046100000000000044, "retain_holdout_PPL/lower": 0.015100000000000013, "retain_holdout_PPL/zlib": 0.050000000000000044, "retain_holdout_Min-5%": 0.050000000000000044, "retain_holdout_Min-10%": 0.04990000000000005, "retain_holdout_Min-20%": 0.04960000000000005, "retain_holdout_Min-30%": 0.04960000000000005, "retain_holdout_Min-40%": 0.050000000000000044, "retain_holdout_Min-50%": 0.050000000000000044, "retain_holdout_Min-60%": 0.050000000000000044, "holdout_forget_PPL": 0.4458, "holdout_forget_PPL/lower": 0.5489, "holdout_forget_PPL/zlib": 0.5971000000000001, "holdout_forget_Min-5%": 0.5127999999999999, "holdout_forget_Min-10%": 0.5830000000000001, "holdout_forget_Min-20%": 0.6549, "holdout_forget_Min-30%": 0.6334, "holdout_forget_Min-40%": 0.5972, "holdout_forget_Min-50%": 0.5613999999999999, "holdout_forget_Min-60%": 0.518, "holdout_retain_PPL": 0.9539, "holdout_retain_PPL/lower": 0.9849, "holdout_retain_PPL/zlib": 0.95, "holdout_retain_Min-5%": 0.95, "holdout_retain_Min-10%": 0.9501, "holdout_retain_Min-20%": 0.9503999999999999, "holdout_retain_Min-30%": 0.9504, "holdout_retain_Min-40%": 0.95, "holdout_retain_Min-50%": 0.95, "holdout_retain_Min-60%": 0.95, "holdout_holdout_PPL": 0.5, "holdout_holdout_PPL/lower": 0.5, "holdout_holdout_PPL/zlib": 0.5, "holdout_holdout_Min-5%": 0.5, "holdout_holdout_Min-10%": 0.5, "holdout_holdout_Min-20%": 0.5, "holdout_holdout_Min-30%": 0.5, "holdout_holdout_Min-40%": 0.5, "holdout_holdout_Min-50%": 0.5, "holdout_holdout_Min-60%": 0.5}