{"forget_forget_PPL": 0.5, "forget_forget_PPL/lower": 0.5, "forget_forget_PPL/zlib": 0.5, "forget_forget_Min-5%": 0.5, "forget_forget_Min-10%": 0.5, "forget_forget_Min-20%": 0.5, "forget_forget_Min-30%": 0.5, "forget_forget_Min-40%": 0.5, "forget_forget_Min-50%": 0.5, "forget_forget_Min-60%": 0.5, "forget_retain_PPL": 0.9964000000000001, "forget_retain_PPL/lower": 0.9846, "forget_retain_PPL/zlib": 0.9962, "forget_retain_Min-5%": 0.9975, "forget_retain_Min-10%": 0.9969, "forget_retain_Min-20%": 0.9966, "forget_retain_Min-30%": 0.9964000000000001, "forget_retain_Min-40%": 0.9964000000000001, "forget_retain_Min-50%": 0.9964000000000001, "forget_retain_Min-60%": 0.9964000000000001, "forget_holdout_PPL": 0.42500000000000004, "forget_holdout_PPL/lower": 0.4104, "forget_holdout_PPL/zlib": 0.385, "forget_holdout_Min-5%": 0.4262000000000001, "forget_holdout_Min-10%": 0.4361, "forget_holdout_Min-20%": 0.4405, "forget_holdout_Min-30%": 0.4404, "forget_holdout_Min-40%": 0.4374, "forget_holdout_Min-50%": 0.4313, "forget_holdout_Min-60%": 0.4259, "retain_forget_PPL": 0.0036000000000000008, "retain_forget_PPL/lower": 0.015400000000000002, "retain_forget_PPL/zlib": 0.0038000000000000013, "retain_forget_Min-5%": 0.0025, "retain_forget_Min-10%": 0.0031000000000000008, "retain_forget_Min-20%": 0.0034000000000000007, "retain_forget_Min-30%": 0.0036000000000000008, "retain_forget_Min-40%": 0.0036000000000000008, "retain_forget_Min-50%": 0.0036000000000000008, "retain_forget_Min-60%": 0.0036000000000000008, "retain_retain_PPL": 0.5, "retain_retain_PPL/lower": 0.5, "retain_retain_PPL/zlib": 0.5, "retain_retain_Min-5%": 0.5, "retain_retain_Min-10%": 0.5, "retain_retain_Min-20%": 0.5, "retain_retain_Min-30%": 0.5, "retain_retain_Min-40%": 0.5, "retain_retain_Min-50%": 0.5, "retain_retain_Min-60%": 0.5, "retain_holdout_PPL": 0.1023, "retain_holdout_PPL/lower": 0.1439, "retain_holdout_PPL/zlib": 0.0978, "retain_holdout_Min-5%": 0.0983, "retain_holdout_Min-10%": 0.101, "retain_holdout_Min-20%": 0.1021, "retain_holdout_Min-30%": 0.10220000000000001, "retain_holdout_Min-40%": 0.1023, "retain_holdout_Min-50%": 0.1023, "retain_holdout_Min-60%": 0.10220000000000001, "holdout_forget_PPL": 0.575, "holdout_forget_PPL/lower": 0.5895999999999999, "holdout_forget_PPL/zlib": 0.6149999999999999, "holdout_forget_Min-5%": 0.5738, "holdout_forget_Min-10%": 0.5639000000000001, "holdout_forget_Min-20%": 0.5595, "holdout_forget_Min-30%": 0.5596, "holdout_forget_Min-40%": 0.5625999999999999, "holdout_forget_Min-50%": 0.5687000000000001, "holdout_forget_Min-60%": 0.5741, "holdout_retain_PPL": 0.8977, "holdout_retain_PPL/lower": 0.8561000000000001, "holdout_retain_PPL/zlib": 0.9022, "holdout_retain_Min-5%": 0.9017000000000001, "holdout_retain_Min-10%": 0.899, "holdout_retain_Min-20%": 0.8979000000000001, "holdout_retain_Min-30%": 0.8978000000000002, "holdout_retain_Min-40%": 0.8977, "holdout_retain_Min-50%": 0.8977, "holdout_retain_Min-60%": 0.8978000000000002, "holdout_holdout_PPL": 0.5, "holdout_holdout_PPL/lower": 0.5, "holdout_holdout_PPL/zlib": 0.5, "holdout_holdout_Min-5%": 0.5, "holdout_holdout_Min-10%": 0.5, "holdout_holdout_Min-20%": 0.5, "holdout_holdout_Min-30%": 0.5, "holdout_holdout_Min-40%": 0.5, "holdout_holdout_Min-50%": 0.5, "holdout_holdout_Min-60%": 0.5}