{"max_rougeL": 1.0, "mean_rougeL": 0.6305199336402313, "rougeL_ci_lo": 0.5689443371088178, "rougeL_ci_hi": 0.6897641850557839, "max_rougeL_recall": 1.0, "mean_rougeL_recall": 0.6323246465429032, "rougeL_recall_ci_lo": 0.5716338852883505, "rougeL_recall_ci_hi": 0.6908920793627046, "max_rouge1": 1.0, "mean_rouge1": 0.6749375161508178, "rouge1_ci_lo": 0.6231435876116643, "rouge1_ci_hi": 0.7259593584388698, "max_rouge1_recall": 1.0, "mean_rouge1_recall": 0.6767825527082906, "rouge1_recall_ci_lo": 0.6234902527926137, "rouge1_recall_ci_hi": 0.7291377017660069}