{"max_rougeL": 1.0, "mean_rougeL": 0.6745312282488747, "rougeL_ci_lo": 0.6019810050080638, "rougeL_ci_hi": 0.7454468020541548, "max_rougeL_recall": 1.0, "mean_rougeL_recall": 0.7051025641025639, "rougeL_recall_ci_lo": 0.6309839743589745, "rougeL_recall_ci_hi": 0.7769378205128205, "max_rouge1": 1.0, "mean_rouge1": 0.6767534504710969, "rouge1_ci_lo": 0.6036637938205586, "rouge1_ci_hi": 0.7460963101604279, "max_rouge1_recall": 1.0, "mean_rouge1_recall": 0.7076025641025638, "rouge1_recall_ci_lo": 0.6302365384615386, "rouge1_recall_ci_hi": 0.7785012820512821}