{"max_rougeL": 0.1739130434782609, "mean_rougeL": 0.015896244576189895, "rougeL_ci_lo": 0.008392967646164578, "rougeL_ci_hi": 0.02428867526643918, "max_rougeL_recall": 0.5, "mean_rougeL_recall": 0.04440293040293041, "rougeL_recall_ci_lo": 0.02277408424908425, "rougeL_recall_ci_hi": 0.06922930402930401, "max_rouge1": 0.1739130434782609, "mean_rouge1": 0.015896244576189895, "rouge1_ci_lo": 0.008428187654424536, "rouge1_ci_hi": 0.024355908846276163, "max_rouge1_recall": 0.5, "mean_rouge1_recall": 0.04440293040293041, "rouge1_recall_ci_lo": 0.022902930402930403, "rouge1_recall_ci_hi": 0.06970338827838829}