{"forget_forget_PPL": 0.5, "forget_forget_PPL/lower": 0.5, "forget_forget_PPL/zlib": 0.5, "forget_forget_Min-5%": 0.5, "forget_forget_Min-10%": 0.5, "forget_forget_Min-20%": 0.5, "forget_forget_Min-30%": 0.5, "forget_forget_Min-40%": 0.5, "forget_forget_Min-50%": 0.5, "forget_forget_Min-60%": 0.5, "forget_retain_PPL": 0.3869, "forget_retain_PPL/lower": 0.45770000000000005, "forget_retain_PPL/zlib": 0.3711, "forget_retain_Min-5%": 0.1865, "forget_retain_Min-10%": 0.2126, "forget_retain_Min-20%": 0.2602, "forget_retain_Min-30%": 0.31390000000000007, "forget_retain_Min-40%": 0.3568, "forget_retain_Min-50%": 0.37970000000000004, "forget_retain_Min-60%": 0.3864000000000001, "forget_holdout_PPL": 0.3285, "forget_holdout_PPL/lower": 0.2812, "forget_holdout_PPL/zlib": 0.2529, "forget_holdout_Min-5%": 0.2907, "forget_holdout_Min-10%": 0.3093, "forget_holdout_Min-20%": 0.32209999999999994, "forget_holdout_Min-30%": 0.3316, "forget_holdout_Min-40%": 0.3349, "forget_holdout_Min-50%": 0.335, "forget_holdout_Min-60%": 0.33190000000000003, "retain_forget_PPL": 0.6131, "retain_forget_PPL/lower": 0.5422999999999999, "retain_forget_PPL/zlib": 0.6289, "retain_forget_Min-5%": 0.8135, "retain_forget_Min-10%": 0.7874, "retain_forget_Min-20%": 0.7398, "retain_forget_Min-30%": 0.6860999999999999, "retain_forget_Min-40%": 0.6432, "retain_forget_Min-50%": 0.6203000000000001, "retain_forget_Min-60%": 0.6135999999999999, "retain_retain_PPL": 0.5, "retain_retain_PPL/lower": 0.5, "retain_retain_PPL/zlib": 0.5, "retain_retain_Min-5%": 0.5, "retain_retain_Min-10%": 0.5, "retain_retain_Min-20%": 0.5, "retain_retain_Min-30%": 0.5, "retain_retain_Min-40%": 0.5, "retain_retain_Min-50%": 0.5, "retain_retain_Min-60%": 0.5, "retain_holdout_PPL": 0.23920000000000002, "retain_holdout_PPL/lower": 0.1955, "retain_holdout_PPL/zlib": 0.20770000000000002, "retain_holdout_Min-5%": 0.7015, "retain_holdout_Min-10%": 0.6736000000000001, "retain_holdout_Min-20%": 0.5798000000000001, "retain_holdout_Min-30%": 0.4696, "retain_holdout_Min-40%": 0.3578, "retain_holdout_Min-50%": 0.26600000000000007, "retain_holdout_Min-60%": 0.2401, "holdout_forget_PPL": 0.6715, "holdout_forget_PPL/lower": 0.7188, "holdout_forget_PPL/zlib": 0.7471, "holdout_forget_Min-5%": 0.7093, "holdout_forget_Min-10%": 0.6907000000000001, "holdout_forget_Min-20%": 0.6779000000000001, "holdout_forget_Min-30%": 0.6683999999999999, "holdout_forget_Min-40%": 0.6651, "holdout_forget_Min-50%": 0.6649999999999999, "holdout_forget_Min-60%": 0.6681, "holdout_retain_PPL": 0.7607999999999999, "holdout_retain_PPL/lower": 0.8045, "holdout_retain_PPL/zlib": 0.7923, "holdout_retain_Min-5%": 0.2985, "holdout_retain_Min-10%": 0.3264, "holdout_retain_Min-20%": 0.42019999999999996, "holdout_retain_Min-30%": 0.5304000000000001, "holdout_retain_Min-40%": 0.6422, "holdout_retain_Min-50%": 0.7340000000000001, "holdout_retain_Min-60%": 0.7599, "holdout_holdout_PPL": 0.5, "holdout_holdout_PPL/lower": 0.5, "holdout_holdout_PPL/zlib": 0.5, "holdout_holdout_Min-5%": 0.5, "holdout_holdout_Min-10%": 0.5, "holdout_holdout_Min-20%": 0.5, "holdout_holdout_Min-30%": 0.5, "holdout_holdout_Min-40%": 0.5, "holdout_holdout_Min-50%": 0.5, "holdout_holdout_Min-60%": 0.5}