{"max_rougeL": 1.0, "mean_rougeL": 0.24177732422413734, "rougeL_ci_lo": 0.17873227156400534, "rougeL_ci_hi": 0.3096495339361547, "max_rougeL_recall": 1.0, "mean_rougeL_recall": 0.33080128205128206, "rougeL_recall_ci_lo": 0.2572115384615385, "rougeL_recall_ci_hi": 0.4065464743589744, "max_rouge1": 1.0, "mean_rouge1": 0.24177732422413734, "rouge1_ci_lo": 0.1791973274665091, "rouge1_ci_hi": 0.3078097212020007, "max_rouge1_recall": 1.0, "mean_rouge1_recall": 0.33080128205128206, "rouge1_recall_ci_lo": 0.25773525641025646, "rouge1_recall_ci_hi": 0.4070721153846154}