{"max_rougeL": 0.02631578947368421, "mean_rougeL": 0.00047149122807017536, "rougeL_ci_lo": 0.0, "rougeL_ci_hi": 0.0012061403508771928, "max_rougeL_recall": 0.013333333333333334, "mean_rougeL_recall": 0.00023859649122807017, "rougeL_recall_ci_lo": 0.0, "rougeL_recall_ci_hi": 0.0006105263157894737, "max_rouge1": 0.02631578947368421, "mean_rouge1": 0.00047149122807017536, "rouge1_ci_lo": 0.0, "rouge1_ci_hi": 0.0012061403508771928, "max_rouge1_recall": 0.013333333333333334, "mean_rouge1_recall": 0.00023859649122807017, "rouge1_recall_ci_lo": 0.0, "rouge1_recall_ci_hi": 0.0006105263157894737}