{"max_rougeL": 1.0, "mean_rougeL": 0.5391081236771551, "rougeL_ci_lo": 0.4887991337211249, "rougeL_ci_hi": 0.589651890375346, "max_rougeL_recall": 1.0, "mean_rougeL_recall": 0.6375898136950773, "rougeL_recall_ci_lo": 0.5787689144189144, "rougeL_recall_ci_hi": 0.6954790903540903, "max_rouge1": 1.0, "mean_rouge1": 0.5452812540146283, "rouge1_ci_lo": 0.49507738927693273, "rouge1_ci_hi": 0.5954771406450441, "max_rouge1_recall": 1.0, "mean_rouge1_recall": 0.6458066056750269, "rouge1_recall_ci_lo": 0.5868113631982054, "rouge1_recall_ci_hi": 0.7033071468005677}