{"max_rougeL": 1.0, "mean_rougeL": 0.40655170008684755, "rougeL_ci_lo": 0.36357723154032956, "rougeL_ci_hi": 0.45020334048717364, "max_rougeL_recall": 1.0, "mean_rougeL_recall": 0.4002990685825549, "rougeL_recall_ci_lo": 0.3595742565867851, "rougeL_recall_ci_hi": 0.44467185002355497, "max_rouge1": 1.0, "mean_rouge1": 0.4873483509387859, "rouge1_ci_lo": 0.4520468673963442, "rouge1_ci_hi": 0.5258376491451804, "max_rouge1_recall": 1.0, "mean_rouge1_recall": 0.48145176901982645, "rouge1_recall_ci_lo": 0.4458762198127957, "rouge1_recall_ci_hi": 0.518694291373694}