{"max_rougeL": 0.21052631578947367, "mean_rougeL": 0.02597389555426675, "rougeL_ci_lo": 0.016410839109130118, "rougeL_ci_hi": 0.03641499398147146, "max_rougeL_recall": 0.6666666666666666, "mean_rougeL_recall": 0.07386274509803921, "rougeL_recall_ci_lo": 0.04502941176470588, "rougeL_recall_ci_hi": 0.10567647058823529, "max_rouge1": 0.21052631578947367, "mean_rouge1": 0.02597389555426675, "rouge1_ci_lo": 0.01642562802136653, "rouge1_ci_hi": 0.036239818187903214, "max_rouge1_recall": 0.6666666666666666, "mean_rouge1_recall": 0.07386274509803921, "rouge1_recall_ci_lo": 0.04483333333333332, "rouge1_recall_ci_hi": 0.10569509803921555}