{"max_rougeL": 1.0, "mean_rougeL": 0.46904051504051486, "rougeL_ci_lo": 0.39241752969252974, "rougeL_ci_hi": 0.5445905816405817, "max_rougeL_recall": 1.0, "mean_rougeL_recall": 0.4897030812324932, "rougeL_recall_ci_lo": 0.4102981092436975, "rougeL_recall_ci_hi": 0.5684091036414566, "max_rouge1": 1.0, "mean_rouge1": 0.47257897657897635, "rouge1_ci_lo": 0.39852128982128987, "rouge1_ci_hi": 0.5488134559884559, "max_rouge1_recall": 1.0, "mean_rouge1_recall": 0.4942030812324931, "rouge1_recall_ci_lo": 0.4162044117647059, "rouge1_recall_ci_hi": 0.5718042717086835}