{"forget_forget_PPL": 0.5, "forget_forget_PPL/lower": 0.5, "forget_forget_PPL/zlib": 0.5, "forget_forget_Min-5%": 0.5, "forget_forget_Min-10%": 0.5, "forget_forget_Min-20%": 0.5, "forget_forget_Min-30%": 0.5, "forget_forget_Min-40%": 0.5, "forget_forget_Min-50%": 0.5, "forget_forget_Min-60%": 0.5, "forget_retain_PPL": 0.39280000000000004, "forget_retain_PPL/lower": 0.4646, "forget_retain_PPL/zlib": 0.37650000000000006, "forget_retain_Min-5%": 0.1961, "forget_retain_Min-10%": 0.22150000000000003, "forget_retain_Min-20%": 0.2702, "forget_retain_Min-30%": 0.3257, "forget_retain_Min-40%": 0.3666, "forget_retain_Min-50%": 0.3885, "forget_retain_Min-60%": 0.39260000000000006, "forget_holdout_PPL": 0.3338, "forget_holdout_PPL/lower": 0.286, "forget_holdout_PPL/zlib": 0.2537, "forget_holdout_Min-5%": 0.2957, "forget_holdout_Min-10%": 0.3151, "forget_holdout_Min-20%": 0.3261, "forget_holdout_Min-30%": 0.33480000000000004, "forget_holdout_Min-40%": 0.3389, "forget_holdout_Min-50%": 0.3396, "forget_holdout_Min-60%": 0.3363, "retain_forget_PPL": 0.6071999999999999, "retain_forget_PPL/lower": 0.5354000000000001, "retain_forget_PPL/zlib": 0.6234999999999999, "retain_forget_Min-5%": 0.8039, "retain_forget_Min-10%": 0.7785, "retain_forget_Min-20%": 0.7298000000000001, "retain_forget_Min-30%": 0.6743, "retain_forget_Min-40%": 0.6334, "retain_forget_Min-50%": 0.6114999999999999, "retain_forget_Min-60%": 0.6073999999999998, "retain_retain_PPL": 0.5, "retain_retain_PPL/lower": 0.5, "retain_retain_PPL/zlib": 0.5, "retain_retain_Min-5%": 0.5, "retain_retain_Min-10%": 0.5, "retain_retain_Min-20%": 0.5, "retain_retain_Min-30%": 0.5, "retain_retain_Min-40%": 0.5, "retain_retain_Min-50%": 0.5, "retain_retain_Min-60%": 0.5, "retain_holdout_PPL": 0.2298, "retain_holdout_PPL/lower": 0.1875, "retain_holdout_PPL/zlib": 0.20620000000000005, "retain_holdout_Min-5%": 0.6914, "retain_holdout_Min-10%": 0.6593, "retain_holdout_Min-20%": 0.5618000000000001, "retain_holdout_Min-30%": 0.4564, "retain_holdout_Min-40%": 0.34119999999999995, "retain_holdout_Min-50%": 0.25229999999999997, "retain_holdout_Min-60%": 0.2304, "holdout_forget_PPL": 0.6662, "holdout_forget_PPL/lower": 0.7140000000000001, "holdout_forget_PPL/zlib": 0.7463, "holdout_forget_Min-5%": 0.7042999999999999, "holdout_forget_Min-10%": 0.6849000000000001, "holdout_forget_Min-20%": 0.6738999999999999, "holdout_forget_Min-30%": 0.6652, "holdout_forget_Min-40%": 0.6611, "holdout_forget_Min-50%": 0.6604000000000001, "holdout_forget_Min-60%": 0.6637000000000001, "holdout_retain_PPL": 0.7702, "holdout_retain_PPL/lower": 0.8125, "holdout_retain_PPL/zlib": 0.7938, "holdout_retain_Min-5%": 0.3086, "holdout_retain_Min-10%": 0.3407, "holdout_retain_Min-20%": 0.4382, "holdout_retain_Min-30%": 0.5436000000000001, "holdout_retain_Min-40%": 0.6588, "holdout_retain_Min-50%": 0.7477, "holdout_retain_Min-60%": 0.7696, "holdout_holdout_PPL": 0.5, "holdout_holdout_PPL/lower": 0.5, "holdout_holdout_PPL/zlib": 0.5, "holdout_holdout_Min-5%": 0.5, "holdout_holdout_Min-10%": 0.5, "holdout_holdout_Min-20%": 0.5, "holdout_holdout_Min-30%": 0.5, "holdout_holdout_Min-40%": 0.5, "holdout_holdout_Min-50%": 0.5, "holdout_holdout_Min-60%": 0.5}