{"forget_forget_PPL": 0.5, "forget_forget_PPL/lower": 0.5, "forget_forget_PPL/zlib": 0.5, "forget_forget_Min-5%": 0.5, "forget_forget_Min-10%": 0.5, "forget_forget_Min-20%": 0.5, "forget_forget_Min-30%": 0.5, "forget_forget_Min-40%": 0.5, "forget_forget_Min-50%": 0.5, "forget_forget_Min-60%": 0.5, "forget_retain_PPL": 0.1748, "forget_retain_PPL/lower": 0.6388, "forget_retain_PPL/zlib": 0.5144, "forget_retain_Min-5%": 0.2385, "forget_retain_Min-10%": 0.18360000000000004, "forget_retain_Min-20%": 0.2369, "forget_retain_Min-30%": 0.2102, "forget_retain_Min-40%": 0.1646, "forget_retain_Min-50%": 0.12130000000000002, "forget_retain_Min-60%": 0.10780000000000002, "forget_holdout_PPL": 0.554, "forget_holdout_PPL/lower": 0.4452, "forget_holdout_PPL/zlib": 0.3987, "forget_holdout_Min-5%": 0.47089999999999993, "forget_holdout_Min-10%": 0.4567, "forget_holdout_Min-20%": 0.3834, "forget_holdout_Min-30%": 0.39849999999999997, "forget_holdout_Min-40%": 0.42239999999999994, "forget_holdout_Min-50%": 0.4487, "forget_holdout_Min-60%": 0.4948, "retain_forget_PPL": 0.8251999999999999, "retain_forget_PPL/lower": 0.3612, "retain_forget_PPL/zlib": 0.48560000000000003, "retain_forget_Min-5%": 0.7615000000000001, "retain_forget_Min-10%": 0.8164, "retain_forget_Min-20%": 0.7631000000000001, "retain_forget_Min-30%": 0.7898, "retain_forget_Min-40%": 0.8353999999999999, "retain_forget_Min-50%": 0.8786999999999999, "retain_forget_Min-60%": 0.8922, "retain_retain_PPL": 0.5, "retain_retain_PPL/lower": 0.5, "retain_retain_PPL/zlib": 0.5, "retain_retain_Min-5%": 0.5, "retain_retain_Min-10%": 0.5, "retain_retain_Min-20%": 0.5, "retain_retain_Min-30%": 0.5, "retain_retain_Min-40%": 0.5, "retain_retain_Min-50%": 0.5, "retain_retain_Min-60%": 0.5, "retain_holdout_PPL": 0.7594, "retain_holdout_PPL/lower": 0.31100000000000005, "retain_holdout_PPL/zlib": 0.4347, "retain_holdout_Min-5%": 0.7121, "retain_holdout_Min-10%": 0.7709999999999999, "retain_holdout_Min-20%": 0.6949000000000001, "retain_holdout_Min-30%": 0.721, "retain_holdout_Min-40%": 0.7746, "retain_holdout_Min-50%": 0.8199000000000001, "retain_holdout_Min-60%": 0.8383, "holdout_forget_PPL": 0.446, "holdout_forget_PPL/lower": 0.5548, "holdout_forget_PPL/zlib": 0.6013, "holdout_forget_Min-5%": 0.5291, "holdout_forget_Min-10%": 0.5433000000000001, "holdout_forget_Min-20%": 0.6166000000000001, "holdout_forget_Min-30%": 0.6014999999999999, "holdout_forget_Min-40%": 0.5776, "holdout_forget_Min-50%": 0.5512999999999999, "holdout_forget_Min-60%": 0.5052, "holdout_retain_PPL": 0.2406, "holdout_retain_PPL/lower": 0.689, "holdout_retain_PPL/zlib": 0.5652999999999999, "holdout_retain_Min-5%": 0.28790000000000004, "holdout_retain_Min-10%": 0.229, "holdout_retain_Min-20%": 0.3051, "holdout_retain_Min-30%": 0.27899999999999997, "holdout_retain_Min-40%": 0.22540000000000002, "holdout_retain_Min-50%": 0.1801, "holdout_retain_Min-60%": 0.1617, "holdout_holdout_PPL": 0.5, "holdout_holdout_PPL/lower": 0.5, "holdout_holdout_PPL/zlib": 0.5, "holdout_holdout_Min-5%": 0.5, "holdout_holdout_Min-10%": 0.5, "holdout_holdout_Min-20%": 0.5, "holdout_holdout_Min-30%": 0.5, "holdout_holdout_Min-40%": 0.5, "holdout_holdout_Min-50%": 0.5, "holdout_holdout_Min-60%": 0.5}