{"max_rougeL": 1.0, "mean_rougeL": 0.2336074444736848, "rougeL_ci_lo": 0.16976390750198936, "rougeL_ci_hi": 0.30269360531412315, "max_rougeL_recall": 1.0, "mean_rougeL_recall": 0.30419871794871794, "rougeL_recall_ci_lo": 0.2314897435897436, "rougeL_recall_ci_hi": 0.37911570512820514, "max_rouge1": 1.0, "mean_rouge1": 0.23534986871610905, "rouge1_ci_lo": 0.17418718174408718, "rouge1_ci_hi": 0.3035968473527041, "max_rouge1_recall": 1.0, "mean_rouge1_recall": 0.3079487179487179, "rouge1_recall_ci_lo": 0.23647884615384618, "rouge1_recall_ci_hi": 0.3823346153846154}