{"max_rougeL": 1.0, "mean_rougeL": 0.10101569956817631, "rougeL_ci_lo": 0.06727044229792684, "rougeL_ci_hi": 0.1384585600029485, "max_rougeL_recall": 1.0, "mean_rougeL_recall": 0.16378431372549024, "rougeL_recall_ci_lo": 0.11461764705882355, "rougeL_recall_ci_hi": 0.21784411764705883, "max_rouge1": 1.0, "mean_rouge1": 0.10230736623484299, "rouge1_ci_lo": 0.06815634332342924, "rouge1_ci_hi": 0.1409104199428309, "max_rouge1_recall": 1.0, "mean_rouge1_recall": 0.16496078431372552, "rouge1_recall_ci_lo": 0.11519117647058824, "rouge1_recall_ci_hi": 0.21859803921568627}