{"forget_forget_PPL": 0.5, "forget_forget_PPL/lower": 0.5, "forget_forget_PPL/zlib": 0.5, "forget_forget_Min-5%": 0.5, "forget_forget_Min-10%": 0.5, "forget_forget_Min-20%": 0.5, "forget_forget_Min-30%": 0.5, "forget_forget_Min-40%": 0.5, "forget_forget_Min-50%": 0.5, "forget_forget_Min-60%": 0.5, "forget_retain_PPL": 0.3829, "forget_retain_PPL/lower": 0.39449999999999996, "forget_retain_PPL/zlib": 0.38499999999999995, "forget_retain_Min-5%": 0.3874, "forget_retain_Min-10%": 0.3856, "forget_retain_Min-20%": 0.38380000000000003, "forget_retain_Min-30%": 0.3825, "forget_retain_Min-40%": 0.3815, "forget_retain_Min-50%": 0.3822, "forget_retain_Min-60%": 0.38280000000000003, "forget_holdout_PPL": 0.0010000000000000009, "forget_holdout_PPL/lower": 0.004700000000000004, "forget_holdout_PPL/zlib": 0.00020000000000000017, "forget_holdout_Min-5%": 0.0009000000000000008, "forget_holdout_Min-10%": 0.0008000000000000006, "forget_holdout_Min-20%": 0.0007000000000000006, "forget_holdout_Min-30%": 0.0009000000000000008, "forget_holdout_Min-40%": 0.0009000000000000008, "forget_holdout_Min-50%": 0.0010000000000000009, "forget_holdout_Min-60%": 0.0010000000000000009, "retain_forget_PPL": 0.6171, "retain_forget_PPL/lower": 0.6054999999999999, "retain_forget_PPL/zlib": 0.615, "retain_forget_Min-5%": 0.6126, "retain_forget_Min-10%": 0.6144000000000001, "retain_forget_Min-20%": 0.6162000000000001, "retain_forget_Min-30%": 0.6175, "retain_forget_Min-40%": 0.6185, "retain_forget_Min-50%": 0.6178, "retain_forget_Min-60%": 0.6172, "retain_retain_PPL": 0.5, "retain_retain_PPL/lower": 0.5, "retain_retain_PPL/zlib": 0.5, "retain_retain_Min-5%": 0.5, "retain_retain_Min-10%": 0.5, "retain_retain_Min-20%": 0.5, "retain_retain_Min-30%": 0.5, "retain_retain_Min-40%": 0.5, "retain_retain_Min-50%": 0.5, "retain_retain_Min-60%": 0.5, "retain_holdout_PPL": 0.008900000000000003, "retain_holdout_PPL/lower": 0.01770000000000001, "retain_holdout_PPL/zlib": 0.003400000000000001, "retain_holdout_Min-5%": 0.011500000000000008, "retain_holdout_Min-10%": 0.006500000000000002, "retain_holdout_Min-20%": 0.005, "retain_holdout_Min-30%": 0.005200000000000001, "retain_holdout_Min-40%": 0.006100000000000001, "retain_holdout_Min-50%": 0.007300000000000001, "retain_holdout_Min-60%": 0.008100000000000001, "holdout_forget_PPL": 0.999, "holdout_forget_PPL/lower": 0.9953000000000001, "holdout_forget_PPL/zlib": 0.9998, "holdout_forget_Min-5%": 0.9991, "holdout_forget_Min-10%": 0.9992, "holdout_forget_Min-20%": 0.9993, "holdout_forget_Min-30%": 0.9991, "holdout_forget_Min-40%": 0.9991, "holdout_forget_Min-50%": 0.999, "holdout_forget_Min-60%": 0.999, "holdout_retain_PPL": 0.9911000000000001, "holdout_retain_PPL/lower": 0.9823, "holdout_retain_PPL/zlib": 0.9965999999999999, "holdout_retain_Min-5%": 0.9885, "holdout_retain_Min-10%": 0.9935, "holdout_retain_Min-20%": 0.995, "holdout_retain_Min-30%": 0.9948, "holdout_retain_Min-40%": 0.9939, "holdout_retain_Min-50%": 0.9927, "holdout_retain_Min-60%": 0.9919, "holdout_holdout_PPL": 0.5, "holdout_holdout_PPL/lower": 0.5, "holdout_holdout_PPL/zlib": 0.5, "holdout_holdout_Min-5%": 0.5, "holdout_holdout_Min-10%": 0.5, "holdout_holdout_Min-20%": 0.5, "holdout_holdout_Min-30%": 0.5, "holdout_holdout_Min-40%": 0.5, "holdout_holdout_Min-50%": 0.5, "holdout_holdout_Min-60%": 0.5}