{"max_rougeL": 0.24489795918367344, "mean_rougeL": 0.11667652074969272, "rougeL_ci_lo": 0.10644210716474795, "rougeL_ci_hi": 0.12719117191078091, "max_rougeL_recall": 0.21428571428571427, "mean_rougeL_recall": 0.1012250407084431, "rougeL_recall_ci_lo": 0.09210889206441908, "rougeL_recall_ci_hi": 0.11043550276983073, "max_rouge1": 0.32335329341317365, "mean_rouge1": 0.15208726528095518, "rouge1_ci_lo": 0.13839304042234957, "rouge1_ci_hi": 0.16616885998058173, "max_rouge1_recall": 0.28421052631578947, "mean_rouge1_recall": 0.13131476838815725, "rouge1_recall_ci_lo": 0.1191229881325591, "rouge1_recall_ci_hi": 0.1438640625600799}