{"max_rougeL": 0.6666666666666666, "mean_rougeL": 0.08063913571808311, "rougeL_ci_lo": 0.05074061669324828, "rougeL_ci_hi": 0.11441648059542796, "max_rougeL_recall": 1.0, "mean_rougeL_recall": 0.10995238095238097, "rougeL_recall_ci_lo": 0.0701857142857143, "rougeL_recall_ci_hi": 0.15569523809523803, "max_rouge1": 0.6666666666666666, "mean_rouge1": 0.08260085820612137, "rouge1_ci_lo": 0.05254974367737527, "rouge1_ci_hi": 0.11625743145743143, "max_rouge1_recall": 1.0, "mean_rouge1_recall": 0.1152857142857143, "rouge1_recall_ci_lo": 0.0726904761904762, "rouge1_recall_ci_hi": 0.1615023809523809}