{"max_rougeL": 1.0, "mean_rougeL": 0.11251707546875442, "rougeL_ci_lo": 0.07832627043777497, "rougeL_ci_hi": 0.15038457226083266, "max_rougeL_recall": 1.0, "mean_rougeL_recall": 0.17059303561935138, "rougeL_recall_ci_lo": 0.12449278499278499, "rougeL_recall_ci_hi": 0.22041991341991343, "max_rouge1": 1.0, "mean_rouge1": 0.11472101635545393, "rouge1_ci_lo": 0.07958955238358385, "rouge1_ci_hi": 0.15248891519990443, "max_rouge1_recall": 1.0, "mean_rouge1_recall": 0.1745216070479228, "rouge1_recall_ci_lo": 0.1259311327561328, "rouge1_recall_ci_hi": 0.22520862003493577}