{"max_rougeL": 0.4, "mean_rougeL": 0.13026522424740128, "rougeL_ci_lo": 0.11955102204320801, "rougeL_ci_hi": 0.1414101976771974, "max_rougeL_recall": 0.3974358974358974, "mean_rougeL_recall": 0.12261987465685426, "rougeL_recall_ci_lo": 0.11050467341257526, "rougeL_recall_ci_hi": 0.1351478954423799, "max_rouge1": 0.4645161290322581, "mean_rouge1": 0.22404080973716678, "rouge1_ci_lo": 0.20405648262656692, "rouge1_ci_hi": 0.24406787011993095, "max_rouge1_recall": 0.46153846153846156, "mean_rouge1_recall": 0.2141903485171323, "rouge1_recall_ci_lo": 0.1917153387852879, "rouge1_recall_ci_hi": 0.23644343685144614}