{"max_rougeL": 1.0, "mean_rougeL": 0.6440881690548867, "rougeL_ci_lo": 0.5927971703477123, "rougeL_ci_hi": 0.693252671953949, "max_rougeL_recall": 1.0, "mean_rougeL_recall": 0.7423809523809523, "rougeL_recall_ci_lo": 0.6836190476190477, "rougeL_recall_ci_hi": 0.7999797619047618, "max_rouge1": 1.0, "mean_rouge1": 0.6440881690548867, "rouge1_ci_lo": 0.5912754231063054, "rouge1_ci_hi": 0.6923544080919082, "max_rouge1_recall": 1.0, "mean_rouge1_recall": 0.7423809523809523, "rouge1_recall_ci_lo": 0.6822595238095239, "rouge1_recall_ci_hi": 0.7987142857142857}