{"max_rougeL": 0.22702702702702704, "mean_rougeL": 0.12418754008970023, "rougeL_ci_lo": 0.11862044770370243, "rougeL_ci_hi": 0.12979394163873934, "max_rougeL_recall": 0.2079207920792079, "mean_rougeL_recall": 0.12331219265820784, "rougeL_recall_ci_lo": 0.1176646896115035, "rougeL_recall_ci_hi": 0.12897517440720999, "max_rouge1": 0.3516483516483517, "mean_rouge1": 0.21777949367486577, "rouge1_ci_lo": 0.20581909883285415, "rouge1_ci_hi": 0.2295683882715836, "max_rouge1_recall": 0.3333333333333333, "mean_rouge1_recall": 0.21602171502777967, "rouge1_recall_ci_lo": 0.20441179281764707, "rouge1_recall_ci_hi": 0.2273616131152073}