{"max_rougeL": 1.0, "mean_rougeL": 0.9969057217299857, "rougeL_ci_lo": 0.99618904091128, "rougeL_ci_hi": 0.9975884842374176, "max_rougeL_recall": 1.0, "mean_rougeL_recall": 0.999190961274153, "rougeL_recall_ci_lo": 0.9985741781563089, "rougeL_recall_ci_hi": 0.9997493734335839, "max_rouge1": 1.0, "mean_rouge1": 0.9969057217299857, "rouge1_ci_lo": 0.996195813659098, "rouge1_ci_hi": 0.9975769249619569, "max_rouge1_recall": 1.0, "mean_rouge1_recall": 0.999190961274153, "rouge1_recall_ci_lo": 0.9985682949619707, "rouge1_recall_ci_hi": 0.9996819468024901}