{"max_rougeL": 1.0, "mean_rougeL": 0.45672152847152847, "rougeL_ci_lo": 0.3788989385614386, "rougeL_ci_hi": 0.5339685689310689, "max_rougeL_recall": 1.0, "mean_rougeL_recall": 0.47970308123249317, "rougeL_recall_ci_lo": 0.39894082633053224, "rougeL_recall_ci_hi": 0.5597829831932774, "max_rouge1": 1.0, "mean_rouge1": 0.45825999000998996, "rouge1_ci_lo": 0.38051895604395597, "rouge1_ci_hi": 0.5325829878454879, "max_rouge1_recall": 1.0, "mean_rouge1_recall": 0.4817030812324931, "rouge1_recall_ci_lo": 0.40036386554621844, "rouge1_recall_ci_hi": 0.5596973389355743}