{"forget_forget_PPL": 0.5, "forget_forget_PPL/lower": 0.5, "forget_forget_PPL/zlib": 0.5, "forget_forget_Min-5%": 0.5, "forget_forget_Min-10%": 0.5, "forget_forget_Min-20%": 0.5, "forget_forget_Min-30%": 0.5, "forget_forget_Min-40%": 0.5, "forget_forget_Min-50%": 0.5, "forget_forget_Min-60%": 0.5, "forget_retain_PPL": 0.9729000000000001, "forget_retain_PPL/lower": 0.8431000000000001, "forget_retain_PPL/zlib": 0.7168, "forget_retain_Min-5%": 0.9434, "forget_retain_Min-10%": 0.96065, "forget_retain_Min-20%": 0.8230000000000001, "forget_retain_Min-30%": 0.7222, "forget_retain_Min-40%": 0.8039000000000001, "forget_retain_Min-50%": 0.8927000000000002, "forget_retain_Min-60%": 0.9459000000000001, "forget_holdout_PPL": 0.2827, "forget_holdout_PPL/lower": 0.5179, "forget_holdout_PPL/zlib": 0.1757, "forget_holdout_Min-5%": 0.48845, "forget_holdout_Min-10%": 0.3441, "forget_holdout_Min-20%": 0.32980000000000004, "forget_holdout_Min-30%": 0.36365, "forget_holdout_Min-40%": 0.40609999999999996, "forget_holdout_Min-50%": 0.3878, "forget_holdout_Min-60%": 0.34995, "retain_forget_PPL": 0.027100000000000006, "retain_forget_PPL/lower": 0.15690000000000004, "retain_forget_PPL/zlib": 0.2832, "retain_forget_Min-5%": 0.05660000000000001, "retain_forget_Min-10%": 0.03935000000000001, "retain_forget_Min-20%": 0.17700000000000002, "retain_forget_Min-30%": 0.2778, "retain_forget_Min-40%": 0.1961, "retain_forget_Min-50%": 0.10729999999999998, "retain_forget_Min-60%": 0.0541, "retain_retain_PPL": 0.5, "retain_retain_PPL/lower": 0.5, "retain_retain_PPL/zlib": 0.5, "retain_retain_Min-5%": 0.5, "retain_retain_Min-10%": 0.5, "retain_retain_Min-20%": 0.5, "retain_retain_Min-30%": 0.5, "retain_retain_Min-40%": 0.5, "retain_retain_Min-50%": 0.5, "retain_retain_Min-60%": 0.5, "retain_holdout_PPL": 0.014900000000000005, "retain_holdout_PPL/lower": 0.1612, "retain_holdout_PPL/zlib": 0.13219999999999998, "retain_holdout_Min-5%": 0.044850000000000015, "retain_holdout_Min-10%": 0.028400000000000005, "retain_holdout_Min-20%": 0.1371, "retain_holdout_Min-30%": 0.2291, "retain_holdout_Min-40%": 0.22560000000000002, "retain_holdout_Min-50%": 0.1265, "retain_holdout_Min-60%": 0.0557, "holdout_forget_PPL": 0.7173, "holdout_forget_PPL/lower": 0.48210000000000003, "holdout_forget_PPL/zlib": 0.8243, "holdout_forget_Min-5%": 0.51155, "holdout_forget_Min-10%": 0.6559, "holdout_forget_Min-20%": 0.6701999999999999, "holdout_forget_Min-30%": 0.63635, "holdout_forget_Min-40%": 0.5939, "holdout_forget_Min-50%": 0.6122000000000001, "holdout_forget_Min-60%": 0.65005, "holdout_retain_PPL": 0.9851000000000001, "holdout_retain_PPL/lower": 0.8388, "holdout_retain_PPL/zlib": 0.8678000000000001, "holdout_retain_Min-5%": 0.9551499999999999, "holdout_retain_Min-10%": 0.9716, "holdout_retain_Min-20%": 0.8629, "holdout_retain_Min-30%": 0.7709, "holdout_retain_Min-40%": 0.7744, "holdout_retain_Min-50%": 0.8734999999999999, "holdout_retain_Min-60%": 0.9442999999999999, "holdout_holdout_PPL": 0.5, "holdout_holdout_PPL/lower": 0.5, "holdout_holdout_PPL/zlib": 0.5, "holdout_holdout_Min-5%": 0.5, "holdout_holdout_Min-10%": 0.5, "holdout_holdout_Min-20%": 0.49999999999999994, "holdout_holdout_Min-30%": 0.5, "holdout_holdout_Min-40%": 0.5, "holdout_holdout_Min-50%": 0.5, "holdout_holdout_Min-60%": 0.5}