{"forget_forget_PPL": 0.5, "forget_forget_PPL/lower": 0.5, "forget_forget_PPL/zlib": 0.5, "forget_forget_Min-5%": 0.5, "forget_forget_Min-10%": 0.5, "forget_forget_Min-20%": 0.5, "forget_forget_Min-30%": 0.5, "forget_forget_Min-40%": 0.5, "forget_forget_Min-50%": 0.5, "forget_forget_Min-60%": 0.5, "forget_retain_PPL": 0.6034999999999999, "forget_retain_PPL/lower": 0.5205, "forget_retain_PPL/zlib": 0.6079000000000001, "forget_retain_Min-5%": 0.6106, "forget_retain_Min-10%": 0.6071, "forget_retain_Min-20%": 0.6051, "forget_retain_Min-30%": 0.6045, "forget_retain_Min-40%": 0.6037999999999999, "forget_retain_Min-50%": 0.6036, "forget_retain_Min-60%": 0.6034999999999999, "forget_holdout_PPL": 0.23270000000000002, "forget_holdout_PPL/lower": 0.24830000000000002, "forget_holdout_PPL/zlib": 0.2073, "forget_holdout_Min-5%": 0.2253, "forget_holdout_Min-10%": 0.225, "forget_holdout_Min-20%": 0.22640000000000002, "forget_holdout_Min-30%": 0.22930000000000003, "forget_holdout_Min-40%": 0.23130000000000003, "forget_holdout_Min-50%": 0.23220000000000002, "forget_holdout_Min-60%": 0.23249999999999998, "retain_forget_PPL": 0.3965, "retain_forget_PPL/lower": 0.47950000000000004, "retain_forget_PPL/zlib": 0.3921, "retain_forget_Min-5%": 0.38939999999999997, "retain_forget_Min-10%": 0.39289999999999997, "retain_forget_Min-20%": 0.3949, "retain_forget_Min-30%": 0.3955, "retain_forget_Min-40%": 0.3962, "retain_forget_Min-50%": 0.3964, "retain_forget_Min-60%": 0.3965, "retain_retain_PPL": 0.5, "retain_retain_PPL/lower": 0.5, "retain_retain_PPL/zlib": 0.5, "retain_retain_Min-5%": 0.5, "retain_retain_Min-10%": 0.5, "retain_retain_Min-20%": 0.5, "retain_retain_Min-30%": 0.5, "retain_retain_Min-40%": 0.5, "retain_retain_Min-50%": 0.5, "retain_retain_Min-60%": 0.5, "retain_holdout_PPL": 0.1273, "retain_holdout_PPL/lower": 0.1544, "retain_holdout_PPL/zlib": 0.12040000000000001, "retain_holdout_Min-5%": 0.12480000000000002, "retain_holdout_Min-10%": 0.1255, "retain_holdout_Min-20%": 0.1265, "retain_holdout_Min-30%": 0.127, "retain_holdout_Min-40%": 0.1271, "retain_holdout_Min-50%": 0.1272, "retain_holdout_Min-60%": 0.1273, "holdout_forget_PPL": 0.7673, "holdout_forget_PPL/lower": 0.7516999999999999, "holdout_forget_PPL/zlib": 0.7927, "holdout_forget_Min-5%": 0.7747, "holdout_forget_Min-10%": 0.775, "holdout_forget_Min-20%": 0.7736000000000001, "holdout_forget_Min-30%": 0.7706999999999999, "holdout_forget_Min-40%": 0.7686999999999999, "holdout_forget_Min-50%": 0.7677999999999999, "holdout_forget_Min-60%": 0.7675, "holdout_retain_PPL": 0.8727, "holdout_retain_PPL/lower": 0.8456, "holdout_retain_PPL/zlib": 0.8796, "holdout_retain_Min-5%": 0.8752, "holdout_retain_Min-10%": 0.8745, "holdout_retain_Min-20%": 0.8735, "holdout_retain_Min-30%": 0.873, "holdout_retain_Min-40%": 0.8729, "holdout_retain_Min-50%": 0.8728, "holdout_retain_Min-60%": 0.8727, "holdout_holdout_PPL": 0.5, "holdout_holdout_PPL/lower": 0.5, "holdout_holdout_PPL/zlib": 0.5, "holdout_holdout_Min-5%": 0.5, "holdout_holdout_Min-10%": 0.5, "holdout_holdout_Min-20%": 0.5, "holdout_holdout_Min-30%": 0.5, "holdout_holdout_Min-40%": 0.5, "holdout_holdout_Min-50%": 0.5, "holdout_holdout_Min-60%": 0.5}