{"max_rougeL": 1.0, "mean_rougeL": 0.6719890713861295, "rougeL_ci_lo": 0.5978835699431287, "rougeL_ci_hi": 0.7426154051014344, "max_rougeL_recall": 1.0, "mean_rougeL_recall": 0.718852564102564, "rougeL_recall_ci_lo": 0.643186858974359, "rougeL_recall_ci_hi": 0.7895262820512822, "max_rouge1": 1.0, "mean_rouge1": 0.6719890713861295, "rouge1_ci_lo": 0.5972731209150326, "rouge1_ci_hi": 0.7432866532976826, "max_rouge1_recall": 1.0, "mean_rouge1_recall": 0.718852564102564, "rouge1_recall_ci_lo": 0.6440705128205129, "rouge1_recall_ci_hi": 0.7900519230769231}